{"cameraMode":{"drawMode":0,"name":"Shaded","section":"Shading Mode"},"sceneLighting":false,"audioPlay":false,"sceneViewState":{"showFog":true,"showMaterialUpdate":false,"showSkybox":true,"showFlares":true,"showImageEffects":true,"showParticleSystems":true},"in2DMode":false,"pivot":{"x":-428.3999938964844,"y":133.5,"z":660.7999877929688},"rotation":{"x":0.12409217655658722,"y":-0.7202392220497131,"z":0.1335272639989853,"w":0.6693483591079712},"size":105.92972564697266,"orthographic":false}