{"cameraMode":{"drawMode":0,"name":"Shaded","section":"Shading Mode"},"sceneLighting":true,"audioPlay":false,"sceneViewState":{"showFog":true,"showMaterialUpdate":false,"showSkybox":true,"showFlares":true,"showImageEffects":true,"showParticleSystems":true},"in2DMode":false,"pivot":{"x":-554.836181640625,"y":219.89256286621095,"z":317.02862548828127},"rotation":{"x":-0.2886401414871216,"y":-0.005173549521714449,"z":0.00155934551730752,"w":-0.9574224948883057},"size":1203.827880859375,"orthographic":false}